{
"sessionId": "1a00d5ff-a84e-4c50-970a-60e1ac15ca39",
"savedAtEpochMs": 1775653064326,
"playerX": 206.31535,
"playerY": 240.70013
}